x_px,y_px
960.309677,238.000000
960.309577,239.000000
960.309280,240.000000
960.308789,241.000000
960.308106,242.000000
960.307235,243.000000
960.306178,244.000000
960.304939,245.000000
960.303521,246.000000
960.301926,247.000000
960.300157,248.000000
960.298218,249.000000
960.296112,250.000000
960.293841,251.000000
960.291409,252.000000
960.288818,253.000000
960.286072,254.000000
960.283173,255.000000
960.280125,256.000000
960.276930,257.000000
960.273591,258.000000
960.270112,259.000000
960.266496,260.000000
960.262744,261.000000
960.258862,262.000000
960.254850,263.000000
960.250713,264.000000
960.246454,265.000000
960.242074,266.000000
960.237579,267.000000
960.232969,268.000000
960.228249,269.000000
960.223421,270.000000
960.218488,271.000000
960.213454,272.000000
960.208321,273.000000
960.203093,274.000000
960.197771,275.000000
960.192360,276.000000
960.186862,277.000000
960.181281,278.000000
960.175618,279.000000
960.169878,280.000000
960.164063,281.000000
960.158177,282.000000
960.152221,283.000000
960.146200,284.000000
960.140116,285.000000
960.133972,286.000000
960.127771,287.000000
960.121516,288.000000
960.115211,289.000000
960.108858,290.000000
960.102459,291.000000
960.096019,292.000000
960.089540,293.000000
960.083025,294.000000
960.076477,295.000000
960.069900,296.000000
960.063295,297.000000
960.056666,298.000000
960.050016,299.000000
960.043349,300.000000
960.036666,301.000000
960.029972,302.000000
960.023268,303.000000
960.016559,304.000000
960.009846,305.000000
960.003133,306.000000
959.996424,307.000000
959.989720,308.000000
959.983025,309.000000
959.976342,310.000000
959.969674,311.000000
959.963024,312.000000
959.956395,313.000000
959.949790,314.000000
959.943212,315.000000
959.936663,316.000000
959.930148,317.000000
959.923668,318.000000
959.917227,319.000000
959.910828,320.000000
959.904474,321.000000
959.898167,322.000000
959.891912,323.000000
959.885710,324.000000
959.879565,325.000000
959.873479,326.000000
959.867457,327.000000
959.861500,328.000000
959.855612,329.000000
959.849796,330.000000
959.844054,331.000000
959.838390,332.000000
959.832807,333.000000
959.827308,334.000000
959.821895,335.000000
959.816572,336.000000
959.811342,337.000000
959.806207,338.000000
959.801171,339.000000
959.796236,340.000000
959.791406,341.000000
959.786684,342.000000
959.782072,343.000000
959.777574,344.000000
959.773193,345.000000
959.768931,346.000000
959.764792,347.000000
959.760778,348.000000
959.756893,349.000000
959.753139,350.000000
959.749520,351.000000
959.746038,352.000000
959.742697,353.000000
959.739499,354.000000
959.736448,355.000000
959.733546,356.000000
959.730797,357.000000
959.728203,358.000000
959.725768,359.000000
959.723494,360.000000
959.721385,361.000000
959.719442,362.000000
959.717671,363.000000
959.716073,364.000000
959.714651,365.000000
959.713408,366.000000
959.712348,367.000000
959.711473,368.000000
959.710787,369.000000
959.710292,370.000000
959.709991,371.000000
959.709888,372.000000
959.709984,373.000000
959.710285,374.000000
959.710791,375.000000
959.711507,376.000000
959.712435,377.000000
959.713578,378.000000
959.714939,379.000000
959.716522,380.000000
959.718329,381.000000
959.720363,382.000000
959.722628,383.000000
959.725125,384.000000
959.727859,385.000000
959.730832,386.000000
959.734047,387.000000
959.737507,388.000000
959.741216,389.000000
959.745175,390.000000
959.749389,391.000000
959.753860,392.000000
959.758590,393.000000
959.763584,394.000000
959.768845,395.000000
959.774374,396.000000
959.780175,397.000000
959.786251,398.000000
959.792606,399.000000
959.799241,400.000000
959.806160,401.000000
959.813367,402.000000
959.820863,403.000000
959.828653,404.000000
959.836738,405.000000
959.845122,406.000000
959.853809,407.000000
959.862800,408.000000
959.872099,409.000000
959.881710,410.000000
959.891634,411.000000
959.901875,412.000000
959.912436,413.000000
959.923320,414.000000
959.934529,415.000000
959.946068,416.000000
959.957938,417.000000
959.970144,418.000000
959.982687,419.000000
959.995571,420.000000
960.008799,421.000000
960.022374,422.000000
960.036298,423.000000
960.050576,424.000000
960.065209,425.000000
960.080201,426.000000
960.095554,427.000000
960.111273,428.000000
960.127359,429.000000
960.143816,430.000000
960.160646,431.000000
960.177854,432.000000
960.195441,433.000000
960.213410,434.000000
960.231766,435.000000
960.250510,436.000000
960.269646,437.000000
960.289176,438.000000
960.309104,439.000000
960.329433,440.000000
960.350166,441.000000
960.371305,442.000000
960.392853,443.000000
960.414814,444.000000
960.437191,445.000000
960.459987,446.000000
960.483204,447.000000
960.506845,448.000000
960.530914,449.000000
960.555414,450.000000
960.580347,451.000000
960.605717,452.000000
960.631526,453.000000
960.657778,454.000000
960.684475,455.000000
960.711621,456.000000
960.739218,457.000000
960.767269,458.000000
960.795778,459.000000
960.824748,460.000000
960.854181,461.000000
960.884080,462.000000
960.914449,463.000000
960.945290,464.000000
960.976607,465.000000
961.008402,466.000000
961.040678,467.000000
961.073439,468.000000
961.106687,469.000000
961.140425,470.000000
961.174657,471.000000
961.209385,472.000000
961.244612,473.000000
961.280342,474.000000
961.316577,475.000000
961.353320,476.000000
961.390574,477.000000
961.428343,478.000000
961.466629,479.000000
961.505435,480.000000
961.544765,481.000000
961.584621,482.000000
961.625006,483.000000
961.665923,484.000000
961.707375,485.000000
961.749366,486.000000
961.791897,487.000000
961.834973,488.000000
961.878596,489.000000
961.922769,490.000000
961.967496,491.000000
962.012778,492.000000
962.058620,493.000000
962.105023,494.000000
962.151992,495.000000
962.199529,496.000000
962.247637,497.000000
962.296319,498.000000
962.345578,499.000000
962.395417,500.000000
962.445839,501.000000
962.496847,502.000000
962.548444,503.000000
962.600633,504.000000
962.653417,505.000000
962.706799,506.000000
962.760783,507.000000
962.815370,508.000000
962.870564,509.000000
962.926368,510.000000
962.982785,511.000000
963.039817,512.000000
963.097469,513.000000
963.155743,514.000000
963.214641,515.000000
963.274168,516.000000
963.334325,517.000000
963.395116,518.000000
963.456544,519.000000
963.518612,520.000000
963.581323,521.000000
963.644679,522.000000
963.708685,523.000000
963.773342,524.000000
963.838654,525.000000
963.904624,526.000000
963.971254,527.000000
964.038549,528.000000
964.106510,529.000000
964.175140,530.000000
964.252075,531.000000
964.329651,532.000000
964.407715,533.000000
964.486328,534.000000
964.565491,535.000000
964.645233,536.000000
964.725311,537.000000
964.805847,538.000000
964.886902,539.000000
964.968384,540.000000
965.050293,541.000000
965.132477,542.000000
965.215057,543.000000
965.298004,544.000000
965.381195,545.000000
965.464752,546.000000
965.548584,547.000000
965.632721,548.000000
965.717072,549.000000
965.801666,550.000000
965.886505,551.000000
965.971466,552.000000
966.056610,553.000000
966.141907,554.000000
966.227356,555.000000
966.312897,556.000000
966.398590,557.000000
966.484344,558.000000
966.570221,559.000000
966.656067,560.000000
966.742004,561.000000
966.828003,562.000000
966.914001,563.000000
966.999939,564.000000
967.085876,565.000000
967.171844,566.000000
967.257721,567.000000
967.343506,568.000000
967.429108,569.000000
967.514709,570.000000
967.600128,571.000000
967.685333,572.000000
967.770355,573.000000
967.855194,574.000000
967.939911,575.000000
968.024231,576.000000
968.108368,577.000000
968.192200,578.000000
968.275665,579.000000
968.358795,580.000000
968.441498,581.000000
968.523804,582.000000
968.605713,583.000000
968.687103,584.000000
968.768097,585.000000
968.848572,586.000000
968.928467,587.000000
969.007843,588.000000
969.086700,589.000000
969.164978,590.000000
969.242676,591.000000
969.319672,592.000000
969.395905,593.000000
969.471588,594.000000
969.546631,595.000000
969.620941,596.000000
969.694611,597.000000
969.767609,598.000000
969.839874,599.000000
969.911469,600.000000
969.982300,601.000000
970.052460,602.000000
970.121887,603.000000
970.190582,604.000000
970.258606,605.000000
970.325897,606.000000
970.392548,607.000000
970.458588,608.000000
970.523895,609.000000
970.588593,610.000000
970.652710,611.000000
970.716156,612.000000
970.779022,613.000000
970.841309,614.000000
970.903107,615.000000
970.964355,616.000000
971.025055,617.000000
971.085358,618.000000
971.145142,619.000000
971.204468,620.000000
971.263397,621.000000
971.321869,622.000000
971.379974,623.000000
971.437714,624.000000
971.495117,625.000000
971.552216,626.000000
971.608978,627.000000
971.665466,628.000000
971.721649,629.000000
971.777496,630.000000
971.833099,631.000000
971.888336,632.000000
971.943329,633.000000
971.998138,634.000000
972.052673,635.000000
972.106934,636.000000
972.160889,637.000000
972.214569,638.000000
972.267975,639.000000
972.321106,640.000000
972.373901,641.000000
972.426331,642.000000
972.478424,643.000000
972.530212,644.000000
972.581573,645.000000
972.632568,646.000000
972.683105,647.000000
972.733307,648.000000
972.782959,649.000000
972.832153,650.000000
972.880798,651.000000
972.928864,652.000000
972.976410,653.000000
973.023315,654.000000
973.069489,655.000000
973.115021,656.000000
973.159821,657.000000
973.203949,658.000000
973.247192,659.000000
973.289642,660.000000
973.331207,661.000000
973.371826,662.000000
973.411652,663.000000
973.450378,664.000000
973.488037,665.000000
973.524750,666.000000
973.560364,667.000000
973.594757,668.000000
973.627991,669.000000
973.659973,670.000000
973.690735,671.000000
973.720215,672.000000
973.748291,673.000000
973.774963,674.000000
973.800232,675.000000
973.824005,676.000000
973.846191,677.000000
973.866791,678.000000
973.885803,679.000000
973.903168,680.000000
973.918793,681.000000
973.932648,682.000000
973.944763,683.000000
973.955017,684.000000
973.963470,685.000000
973.970001,686.000000
973.974548,687.000000
973.977142,688.000000
973.977722,689.000000
973.976227,690.000000
973.972626,691.000000
973.966827,692.000000
973.958954,693.000000
973.948853,694.000000
973.936554,695.000000
973.922058,696.000000
973.905365,697.000000
973.886383,698.000000
973.865051,699.000000
973.841400,700.000000
973.815430,701.000000
973.787140,702.000000
973.756470,703.000000
973.723511,704.000000
973.688202,705.000000
973.650574,706.000000
973.610565,707.000000
973.568237,708.000000
973.523590,709.000000
973.476593,710.000000
973.427277,711.000000
973.375671,712.000000
973.321808,713.000000
973.265747,714.000000
973.207428,715.000000
973.146973,716.000000
973.084442,717.000000
973.019775,718.000000
972.953033,719.000000
972.884247,720.000000
972.813568,721.000000
972.740936,722.000000
972.666534,723.000000
972.590332,724.000000
972.512360,725.000000
972.432770,726.000000
972.351593,727.000000
972.268951,728.000000
972.184814,729.000000
972.099335,730.000000
972.012604,731.000000
971.924744,732.000000
971.835815,733.000000
971.745941,734.000000
971.655151,735.000000
971.563629,736.000000
971.471466,737.000000
971.378754,738.000000
971.285583,739.000000
971.192108,740.000000
971.098450,741.000000
971.004669,742.000000
970.910889,743.000000
970.817261,744.000000
970.723877,745.000000
970.630859,746.000000
970.538361,747.000000
970.446411,748.000000
970.355103,749.000000
970.264648,750.000000
970.175018,751.000000
970.086517,752.000000
969.999023,753.000000
969.912781,754.000000
969.827850,755.000000
969.744293,756.000000
969.662170,757.000000
969.581604,758.000000
969.502594,759.000000
969.425232,760.000000
969.349609,761.000000
969.275818,762.000000
969.203735,763.000000
969.133545,764.000000
969.065247,765.000000
968.998840,766.000000
968.934387,767.000000
968.871826,768.000000
968.811218,769.000000
968.752625,770.000000
968.695984,771.000000
968.641205,772.000000
968.588379,773.000000
968.537506,774.000000
968.488495,775.000000
968.441315,776.000000
968.396027,777.000000
968.352509,778.000000
968.310791,779.000000
968.270752,780.000000
968.232330,781.000000
968.195557,782.000000
968.160309,783.000000
968.126617,784.000000
968.094360,785.000000
968.063477,786.000000
968.033966,787.000000
968.005676,788.000000
967.978699,789.000000
967.952881,790.000000
967.928192,791.000000
967.904480,792.000000
967.881683,793.000000
967.859924,794.000000
967.838928,795.000000
967.818695,796.000000
967.799194,797.000000
967.780334,798.000000
967.762054,799.000000
967.744232,800.000000
967.726868,801.000000
967.709900,802.000000
967.693298,803.000000
967.676880,804.000000
967.660645,805.000000
967.644531,806.000000
967.628510,807.000000
967.612488,808.000000
967.596283,809.000000
967.579987,810.000000
967.563416,811.000000
967.546692,812.000000
967.529602,813.000000
967.512299,814.000000
967.494537,815.000000
967.476288,816.000000
967.457428,817.000000
967.438049,818.000000
967.418091,819.000000
967.397522,820.000000
967.376190,821.000000
967.354248,822.000000
967.331543,823.000000
967.308136,824.000000
967.283936,825.000000
967.258911,826.000000
967.233032,827.000000
967.206360,828.000000
967.178894,829.000000
967.150665,830.000000
967.121490,831.000000
967.091492,832.000000
967.060730,833.000000
967.029114,834.000000
966.996643,835.000000
966.963318,836.000000
966.929230,837.000000
966.894470,838.000000
966.858948,839.000000
966.822662,840.000000
966.785645,841.000000
966.747925,842.000000
966.709503,843.000000
966.670410,844.000000
966.630615,845.000000
966.590179,846.000000
966.549103,847.000000
966.507355,848.000000
966.464996,849.000000
966.421997,850.000000
966.378387,851.000000
966.333984,852.000000
966.289032,853.000000
966.243347,854.000000
966.196899,855.000000
966.149719,856.000000
966.101898,857.000000
966.053284,858.000000
966.003845,859.000000
965.953461,860.000000
965.902161,861.000000
965.849823,862.000000
965.796509,863.000000
965.742065,864.000000
965.686493,865.000000
965.629578,866.000000
965.571442,867.000000
965.511963,868.000000
965.450989,869.000000
965.388519,870.000000
965.324402,871.000000
965.258575,872.000000
965.190979,873.000000
965.121521,874.000000
965.050079,875.000000
964.976746,876.000000
964.901215,877.000000
964.823486,878.000000
964.743561,879.000000
964.661224,880.000000
964.576508,881.000000
964.489349,882.000000
964.399628,883.000000
964.307281,884.000000
964.212250,885.000000
964.114502,886.000000
964.013977,887.000000
963.910645,888.000000
963.804474,889.000000
963.695404,890.000000
963.583466,891.000000
963.468567,892.000000
963.350616,893.000000
963.229797,894.000000
963.105988,895.000000
962.979279,896.000000
962.849426,897.000000
962.716644,898.000000
962.580841,899.000000
962.442047,900.000000
962.300323,901.000000
962.155609,902.000000
962.008087,903.000000
961.857635,904.000000
961.704437,905.000000
961.548431,906.000000
961.389496,907.000000
961.227966,908.000000
961.063751,909.000000
960.896912,910.000000
960.727478,911.000000
960.555511,912.000000
960.381104,913.000000
960.204254,914.000000
960.024994,915.000000
959.843536,916.000000
959.659760,917.000000
959.473877,918.000000
959.285889,919.000000
959.095825,920.000000
958.903809,921.000000
958.709961,922.000000
958.514221,923.000000
958.316772,924.000000
958.117645,925.000000
957.916901,926.000000
957.714630,927.000000
957.510895,928.000000
957.305817,929.000000
957.099487,930.000000
956.891907,931.000000
956.683197,932.000000
956.473450,933.000000
956.262695,934.000000
956.051056,935.000000
955.838715,936.000000
955.625580,937.000000
955.411774,938.000000
955.197357,939.000000
954.982452,940.000000
954.767120,941.000000
954.551453,942.000000
954.335510,943.000000
954.119385,944.000000
953.903015,945.000000
953.686584,946.000000
953.470093,947.000000
953.253632,948.000000
953.037292,949.000000
952.821014,950.000000
952.604858,951.000000
952.388885,952.000000
952.173187,953.000000
951.957703,954.000000
951.742523,955.000000
951.527649,956.000000
951.313110,957.000000
951.098846,958.000000
950.884949,959.000000
950.671326,960.000000
950.458069,961.000000
950.245117,962.000000
950.032501,963.000000
949.820099,964.000000
949.608002,965.000000
949.396118,966.000000
949.184418,967.000000
948.972809,968.000000
948.761353,969.000000
948.549957,970.000000
948.338593,971.000000
948.127167,972.000000
947.915619,973.000000
947.703857,974.000000
947.491882,975.000000
947.279633,976.000000
947.066956,977.000000
946.853851,978.000000
946.640167,979.000000
946.425873,980.000000
946.210876,981.000000
945.995026,982.000000
945.778290,983.000000
945.560516,984.000000
945.341675,985.000000
945.121643,986.000000
944.900238,987.000000
944.677429,988.000000
944.453033,989.000000
944.226959,990.000000
943.999176,991.000000
943.769440,992.000000
943.537689,993.000000
943.303802,994.000000
943.067627,995.000000
942.829132,996.000000
942.588135,997.000000
942.344513,998.000000
942.098083,999.000000
941.848724,1000.000000
941.596313,1001.000000
941.340820,1002.000000
941.082031,1003.000000
940.819855,1004.000000
940.554199,1005.000000
940.284912,1006.000000
940.011993,1007.000000
939.735138,1008.000000
939.454407,1009.000000
939.169525,1010.000000
938.880646,1011.000000
938.587463,1012.000000
938.289948,1013.000000
937.988068,1014.000000
937.681732,1015.000000
937.370819,1016.000000
937.055359,1017.000000
936.735229,1018.000000
936.410400,1019.000000
936.080872,1020.000000
935.746552,1021.000000
935.407410,1022.000000
935.063477,1023.000000
934.714661,1024.000000
934.360992,1025.000000
934.002472,1026.000000
933.639191,1027.000000
933.271027,1028.000000
932.898041,1029.000000
932.520172,1030.000000
932.137512,1031.000000
931.750122,1032.000000
931.358124,1033.000000
930.961365,1034.000000
930.559967,1035.000000
930.153900,1036.000000
929.743286,1037.000000
929.328186,1038.000000
928.908691,1039.000000
928.484711,1040.000000
928.056396,1041.000000
927.623810,1042.000000
927.186981,1043.000000
926.745941,1044.000000
926.300812,1045.000000
925.851654,1046.000000
925.398438,1047.000000
924.941376,1048.000000
924.480377,1049.000000
924.015564,1050.000000
923.546997,1051.000000
923.074829,1052.000000
922.598969,1053.000000
922.119598,1054.000000
921.636658,1055.000000
921.150391,1056.000000
920.660645,1057.000000
920.167603,1058.000000
919.671326,1059.000000
919.171844,1060.000000
918.669189,1061.000000
918.163544,1062.000000
917.654816,1063.000000
917.143127,1064.000000
916.628540,1065.000000
916.111115,1066.000000
915.590881,1067.000000
915.067902,1068.000000
914.542267,1069.000000
914.013916,1070.000000
913.482880,1071.000000
912.949310,1072.000000
912.413300,1073.000000
911.874786,1074.000000
911.333801,1075.000000
910.790405,1076.000000
910.244629,1077.000000
909.696442,1078.000000
909.145935,1079.000000
908.593109,1080.000000
908.038055,1081.000000
907.480682,1082.000000
906.921082,1083.000000
906.359161,1084.000000
905.795044,1085.000000
905.228638,1086.000000
904.660034,1087.000000
904.089111,1088.000000
903.515961,1089.000000
902.940552,1090.000000
902.362915,1091.000000
901.782990,1092.000000
901.200806,1093.000000
900.616302,1094.000000
900.029572,1095.000000
899.440521,1096.000000
898.849182,1097.000000
898.255463,1098.000000
897.659454,1099.000000
897.061157,1100.000000
896.460541,1101.000000
895.857574,1102.000000
895.252258,1103.000000
894.644714,1104.000000
894.034882,1105.000000
893.422821,1106.000000
892.808472,1107.000000
892.191803,1108.000000
891.572998,1109.000000
890.952057,1110.000000
890.329071,1111.000000
889.704010,1112.000000
889.076965,1113.000000
888.447968,1114.000000
887.817108,1115.000000
887.184448,1116.000000
886.550018,1117.000000
885.913910,1118.000000
885.276367,1119.000000
884.637314,1120.000000
883.996887,1121.000000
883.355225,1122.000000
882.712372,1123.000000
882.068466,1124.000000
881.423630,1125.000000
880.777985,1126.000000
880.131668,1127.000000
879.484741,1128.000000
878.837326,1129.000000
878.189590,1130.000000
877.541611,1131.000000
876.893494,1132.000000
876.245392,1133.000000
875.597443,1134.000000
874.949722,1135.000000
874.302338,1136.000000
873.655441,1137.000000
873.009094,1138.000000
872.363403,1139.000000
871.718445,1140.000000
871.074356,1141.000000
870.431213,1142.000000
869.789093,1143.000000
869.148071,1144.000000
868.508194,1145.000000
867.869568,1146.000000
867.232285,1147.000000
866.596283,1148.000000
865.961716,1149.000000
865.328568,1150.000000
864.696945,1151.000000
864.066803,1152.000000
863.438202,1153.000000
862.811142,1154.000000
862.185684,1155.000000
861.561752,1156.000000
860.939484,1157.000000
860.318741,1158.000000
859.699615,1159.000000
859.082077,1160.000000
858.466080,1161.000000
857.851639,1162.000000
857.238754,1163.000000
856.627380,1164.000000
856.017456,1165.000000
855.408966,1166.000000
854.801880,1167.000000
854.196198,1168.000000
853.591858,1169.000000
852.988800,1170.000000
852.387085,1171.000000
851.786545,1172.000000
851.187180,1173.000000
850.588913,1174.000000
849.991730,1175.000000
849.395554,1176.000000
848.800415,1177.000000
848.206131,1178.000000
847.612747,1179.000000
847.020142,1180.000000
846.428268,1181.000000
845.837112,1182.000000
845.246582,1183.000000
844.656616,1184.000000
844.067123,1185.000000
843.478088,1186.000000
842.889404,1187.000000
842.301056,1188.000000
841.712936,1189.000000
841.125000,1190.000000
840.537216,1191.000000
839.949432,1192.000000
839.361664,1193.000000
838.773834,1194.000000
838.185852,1195.000000
837.597687,1196.000000
837.009293,1197.000000
836.420609,1198.000000
835.831619,1199.000000
835.242172,1200.000000
834.652252,1201.000000
834.061859,1202.000000
833.470947,1203.000000
832.879471,1204.000000
832.287399,1205.000000
831.694687,1206.000000
831.101334,1207.000000
830.507294,1208.000000
829.912537,1209.000000
829.317108,1210.000000
828.720993,1211.000000
828.124146,1212.000000
827.526566,1213.000000
826.928314,1214.000000
826.329346,1215.000000
825.729721,1216.000000
825.129440,1217.000000
824.528519,1218.000000
823.926941,1219.000000
823.324875,1220.000000
822.722229,1221.000000
822.119080,1222.000000
821.515457,1223.000000
820.911407,1224.000000
820.307037,1225.000000
819.702347,1226.000000
819.097366,1227.000000
818.492157,1228.000000
817.886749,1229.000000
817.281235,1230.000000
816.675659,1231.000000
816.070114,1232.000000
815.464615,1233.000000
814.859177,1234.000000
814.253876,1235.000000
813.648788,1236.000000
813.043991,1237.000000
812.439514,1238.000000
811.835358,1239.000000
811.231613,1240.000000
810.628342,1241.000000
810.025604,1242.000000
809.423401,1243.000000
808.821808,1244.000000
808.220856,1245.000000
807.620560,1246.000000
807.021027,1247.000000
806.422241,1248.000000
805.824280,1249.000000
805.227173,1250.000000
804.630966,1251.000000
804.035629,1252.000000
803.441238,1253.000000
802.847855,1254.000000
802.255493,1255.000000
801.664200,1256.000000
801.073975,1257.000000
800.484833,1258.000000
799.896805,1259.000000
799.309967,1260.000000
798.724243,1261.000000
798.139801,1262.000000
797.556610,1263.000000
796.974655,1264.000000
796.393997,1265.000000
795.814651,1266.000000
795.236633,1267.000000
794.659943,1268.000000
794.084641,1269.000000
793.510727,1270.000000
792.938217,1271.000000
792.367096,1272.000000
791.797409,1273.000000
791.229172,1274.000000
790.662415,1275.000000
790.097168,1276.000000
789.533386,1277.000000
788.971085,1278.000000
788.410294,1279.000000
787.851028,1280.000000
787.293304,1281.000000
786.737122,1282.000000
786.182495,1283.000000
785.629410,1284.000000
785.077850,1285.000000
784.527847,1286.000000
783.979401,1287.000000
783.432510,1288.000000
782.887207,1289.000000
782.343430,1290.000000
781.801254,1291.000000
781.260651,1292.000000
780.721634,1293.000000
780.184174,1294.000000
779.648300,1295.000000
779.113998,1296.000000
778.581238,1297.000000
778.050110,1298.000000
777.520523,1299.000000
776.992569,1300.000000
776.466187,1301.000000
775.941422,1302.000000
775.418243,1303.000000
774.896667,1304.000000
774.376709,1305.000000
773.858398,1306.000000
773.341690,1307.000000
772.826614,1308.000000
772.313187,1309.000000
771.801422,1310.000000
771.291336,1311.000000
770.782928,1312.000000
770.276199,1313.000000
769.771194,1314.000000
769.267899,1315.000000
768.766296,1316.000000
768.266449,1317.000000
767.768372,1318.000000
767.272095,1319.000000
766.777588,1320.000000
766.284866,1321.000000
765.793991,1322.000000
765.304916,1323.000000
764.817719,1324.000000
764.332382,1325.000000
763.848969,1326.000000
763.367462,1327.000000
762.887848,1328.000000
762.410141,1329.000000
761.934402,1330.000000
761.460678,1331.000000
760.988922,1332.000000
760.519135,1333.000000
760.051422,1334.000000
759.585724,1335.000000
759.122070,1336.000000
758.660461,1337.000000
758.200928,1338.000000
757.743484,1339.000000
757.288177,1340.000000
756.834991,1341.000000
756.383965,1342.000000
755.935036,1343.000000
755.488266,1344.000000
755.043694,1345.000000
754.601295,1346.000000
754.161095,1347.000000
753.723083,1348.000000
753.287292,1349.000000
752.853737,1350.000000
752.422409,1351.000000
751.993332,1352.000000
751.566475,1353.000000
751.141891,1354.000000
750.719536,1355.000000
750.299438,1356.000000
749.881607,1357.000000
749.466057,1358.000000
749.052765,1359.000000
748.641747,1360.000000
748.232986,1361.000000
747.826462,1362.000000
747.422211,1363.000000
747.020195,1364.000000
746.620430,1365.000000
746.222908,1366.000000
745.827614,1367.000000
745.434532,1368.000000
745.043678,1369.000000
744.654991,1370.000000
744.268494,1371.000000
743.884125,1372.000000
743.501923,1373.000000
743.121834,1374.000000
742.743874,1375.000000
742.368004,1376.000000
741.994209,1377.000000
741.622437,1378.000000
741.252686,1379.000000
740.884949,1380.000000
740.519157,1381.000000
740.155350,1382.000000
739.793434,1383.000000
739.433441,1384.000000
739.075302,1385.000000
738.719025,1386.000000
738.364578,1387.000000
738.011909,1388.000000
737.661011,1389.000000
737.311859,1390.000000
736.964470,1391.000000
736.618759,1392.000000
736.274742,1393.000000
735.932388,1394.000000
735.591698,1395.000000
735.252640,1396.000000
734.915184,1397.000000
734.579323,1398.000000
734.245056,1399.000000
733.912369,1400.000000
733.581268,1401.000000
733.251717,1402.000000
732.923706,1403.000000
732.597282,1404.000000
732.272408,1405.000000
731.949081,1406.000000
731.627327,1407.000000
731.307106,1408.000000
730.988449,1409.000000
730.671387,1410.000000
730.355904,1411.000000
730.042023,1412.000000
729.729744,1413.000000
729.419075,1414.000000
729.110046,1415.000000
728.802658,1416.000000
728.496941,1417.000000
728.192917,1418.000000
727.890625,1419.000000
727.590057,1420.000000
727.291229,1421.000000
726.994148,1422.000000
726.698868,1423.000000
726.405403,1424.000000
726.113792,1425.000000
725.824043,1426.000000
725.536194,1427.000000
725.250259,1428.000000
724.966278,1429.000000
724.684250,1430.000000
724.404228,1431.000000
724.126228,1432.000000
723.850258,1433.000000
723.576370,1434.000000
723.304573,1435.000000
723.034897,1436.000000
722.767365,1437.000000
722.502014,1438.000000
722.238869,1439.000000
721.977959,1440.000000
721.719284,1441.000000
721.462891,1442.000000
721.208809,1443.000000
720.957039,1444.000000
720.707634,1445.000000
720.460587,1446.000000
720.215973,1447.000000
719.973747,1448.000000
719.733978,1449.000000
719.496658,1450.000000
719.261833,1451.000000
719.029518,1452.000000
718.799698,1453.000000
718.572433,1454.000000
718.347710,1455.000000
718.125565,1456.000000
717.906021,1457.000000
717.689072,1458.000000
717.474747,1459.000000
717.263031,1460.000000
717.053970,1461.000000
716.847542,1462.000000
716.643776,1463.000000
716.442673,1464.000000
716.244225,1465.000000
716.048447,1466.000000
715.855362,1467.000000
715.664940,1468.000000
715.477188,1469.000000
715.292107,1470.000000
715.109726,1471.000000
714.930016,1472.000000
714.753006,1473.000000
714.578667,1474.000000
714.406982,1475.000000
714.237999,1476.000000
714.071686,1477.000000
713.908043,1478.000000
713.747070,1479.000000
713.588791,1480.000000
713.433174,1481.000000
713.280243,1482.000000
713.130020,1483.000000
712.982475,1484.000000
712.837624,1485.000000
712.695511,1486.000000
712.556122,1487.000000
712.419487,1488.000000
712.285629,1489.000000
712.154541,1490.000000
712.026260,1491.000000
711.900826,1492.000000
711.778282,1493.000000
711.658646,1494.000000
711.541962,1495.000000
711.428253,1496.000000
711.317581,1497.000000
711.210007,1498.000000
711.105568,1499.000000
711.004349,1500.000000
710.906364,1501.000000
710.811707,1502.000000
710.720459,1503.000000
710.632652,1504.000000
710.548370,1505.000000
710.467682,1506.000000
710.390678,1507.000000
710.317451,1508.000000
710.248085,1509.000000
710.182625,1510.000000
710.121193,1511.000000
710.063843,1512.000000
710.010674,1513.000000
709.961761,1514.000000
709.917198,1515.000000
709.877068,1516.000000
709.841431,1517.000000
709.810387,1518.000000
709.784042,1519.000000
709.762444,1520.000000
709.745659,1521.000000
709.733772,1522.000000
709.726852,1523.000000
709.724968,1524.000000
709.728180,1525.000000
709.736526,1526.000000
709.750084,1527.000000
709.768883,1528.000000
709.792984,1529.000000
709.822433,1530.000000
709.857269,1531.000000
709.897499,1532.000000
709.943146,1533.000000
709.994263,1534.000000
710.050858,1535.000000
710.112946,1536.000000
710.180534,1537.000000
710.253632,1538.000000
710.332237,1539.000000
710.416336,1540.000000
710.505928,1541.000000
710.600998,1542.000000
710.701584,1543.000000
710.807602,1544.000000
710.919075,1545.000000
711.035950,1546.000000
711.158226,1547.000000
711.285858,1548.000000
711.418846,1549.000000
711.557106,1550.000000
711.700630,1551.000000
711.849396,1552.000000
712.003349,1553.000000
712.162445,1554.000000
712.326637,1555.000000
712.495903,1556.000000
712.670197,1557.000000
712.849472,1558.000000
713.033684,1559.000000
713.222771,1560.000000
713.416687,1561.000000
713.615395,1562.000000
713.818832,1563.000000
714.026970,1564.000000
714.239746,1565.000000
714.457085,1566.000000
714.678955,1567.000000
714.905304,1568.000000
715.136086,1569.000000
715.371239,1570.000000
715.610718,1571.000000
715.854439,1572.000000
716.102371,1573.000000
716.354462,1574.000000
716.610672,1575.000000
716.870918,1576.000000
717.135162,1577.000000
717.403351,1578.000000
717.675438,1579.000000
717.951370,1580.000000
718.231087,1581.000000
718.514572,1582.000000
718.801765,1583.000000
719.092636,1584.000000
719.387123,1585.000000
719.685196,1586.000000
719.986809,1587.000000
720.291931,1588.000000
720.600540,1589.000000
720.912613,1590.000000
721.228111,1591.000000
721.547012,1592.000000
721.869270,1593.000000
722.194908,1594.000000
722.523903,1595.000000
722.856232,1596.000000
723.191879,1597.000000
723.530876,1598.000000
723.873184,1599.000000
724.218803,1600.000000
724.567741,1601.000000
724.919975,1602.000000
725.275543,1603.000000
725.634453,1604.000000
725.996704,1605.000000
726.362297,1606.000000
726.731247,1607.000000
727.103554,1608.000000
727.479218,1609.000000
727.858269,1610.000000
728.240723,1611.000000
728.626572,1612.000000
729.015831,1613.000000
729.408516,1614.000000
729.804604,1615.000000
730.204117,1616.000000
730.607056,1617.000000
731.013420,1618.000000
731.423203,1619.000000
731.836388,1620.000000
732.252953,1621.000000
732.672905,1622.000000
733.096237,1623.000000
733.522896,1624.000000
733.952888,1625.000000
734.386192,1626.000000
734.822769,1627.000000
735.262581,1628.000000
735.705566,1629.000000
736.151703,1630.000000
736.600967,1631.000000
737.053307,1632.000000
737.508659,1633.000000
737.966965,1634.000000
738.428177,1635.000000
738.892258,1636.000000
739.359131,1637.000000
739.828758,1638.000000
740.301033,1639.000000
740.775932,1640.000000
741.253372,1641.000000
741.733307,1642.000000
742.215675,1643.000000
742.700409,1644.000000
743.187454,1645.000000
743.676712,1646.000000
744.168129,1647.000000
744.661674,1648.000000
745.157265,1649.000000
745.654846,1650.000000
746.154381,1651.000000
746.655800,1652.000000
747.159058,1653.000000
747.664108,1654.000000
748.170898,1655.000000
748.679382,1656.000000
749.189522,1657.000000
749.701286,1658.000000
750.214645,1659.000000
750.729546,1660.000000
751.245964,1661.000000
751.763885,1662.000000
752.283302,1663.000000
752.804146,1664.000000
753.326431,1665.000000
753.850151,1666.000000
754.375275,1667.000000
754.901794,1668.000000
755.429726,1669.000000
755.959030,1670.000000
756.489716,1671.000000
757.021790,1672.000000
757.555252,1673.000000
758.090149,1674.000000
758.626419,1675.000000
759.164078,1676.000000
759.703156,1677.000000
760.243652,1678.000000
760.785614,1679.000000
761.329010,1680.000000
761.873917,1681.000000
762.420319,1682.000000
762.968216,1683.000000
763.517624,1684.000000
764.068604,1685.000000
764.621140,1686.000000
765.175308,1687.000000
765.731064,1688.000000
766.288437,1689.000000
766.847504,1690.000000
767.408249,1691.000000
767.970749,1692.000000
768.535004,1693.000000
769.101028,1694.000000
769.668869,1695.000000
770.238571,1696.000000
770.810165,1697.000000
771.383667,1698.000000
771.959122,1699.000000
772.536560,1700.000000
773.116013,1701.000000
773.697464,1702.000000
774.281052,1703.000000
774.866745,1704.000000
775.454575,1705.000000
776.044632,1706.000000
776.636856,1707.000000
777.231339,1708.000000
777.828094,1709.000000
778.427155,1710.000000
779.028549,1711.000000
779.632324,1712.000000
780.238419,1713.000000
780.846970,1714.000000
781.457932,1715.000000
782.071350,1716.000000
782.687225,1717.000000
783.305573,1718.000000
783.926376,1719.000000
784.549698,1720.000000
785.175491,1721.000000
785.803802,1722.000000
786.434586,1723.000000
787.067871,1724.000000
787.703705,1725.000000
788.341980,1726.000000
788.982773,1727.000000
789.625977,1728.000000
790.271576,1729.000000
790.919647,1730.000000
791.570068,1731.000000
792.222855,1732.000000
792.877991,1733.000000
793.535385,1734.000000
794.195068,1735.000000
794.856949,1736.000000
795.521042,1737.000000
796.187302,1738.000000
796.855652,1739.000000
797.526016,1740.000000
798.198380,1741.000000
798.872681,1742.000000
799.548889,1743.000000
800.226929,1744.000000
800.906708,1745.000000
801.588211,1746.000000
802.271332,1747.000000
802.956039,1748.000000
803.642288,1749.000000
804.330017,1750.000000
805.019104,1751.000000
805.709488,1752.000000
806.401108,1753.000000
807.093872,1754.000000
807.787704,1755.000000
808.482529,1756.000000
809.178345,1757.000000
809.874985,1758.000000
810.572388,1759.000000
811.270477,1760.000000
811.969162,1761.000000
812.668365,1762.000000
813.367981,1763.000000
814.067917,1764.000000
814.768173,1765.000000
815.468613,1766.000000
816.169113,1767.000000
816.869659,1768.000000
817.570129,1769.000000
818.270401,1770.000000
818.970444,1771.000000
819.670197,1772.000000
820.369492,1773.000000
821.068329,1774.000000
821.766586,1775.000000
822.464233,1776.000000
823.161163,1777.000000
823.857315,1778.000000
824.552612,1779.000000
825.247009,1780.000000
825.940445,1781.000000
826.632843,1782.000000
827.324142,1783.000000
828.014328,1784.000000
828.703308,1785.000000
829.391068,1786.000000
830.077515,1787.000000
830.762711,1788.000000
831.446564,1789.000000
832.128983,1790.000000
832.810028,1791.000000
833.489655,1792.000000
834.167847,1793.000000
834.844559,1794.000000
835.519775,1795.000000
836.193497,1796.000000
836.865738,1797.000000
837.536469,1798.000000
838.205719,1799.000000
838.873489,1800.000000
839.539749,1801.000000
840.204483,1802.000000
840.867737,1803.000000
841.529541,1804.000000
842.189865,1805.000000
842.848724,1806.000000
843.506180,1807.000000
844.162186,1808.000000
844.816772,1809.000000
845.469971,1810.000000
846.121780,1811.000000
846.772232,1812.000000
847.421341,1813.000000
848.069183,1814.000000
848.715698,1815.000000
849.360870,1816.000000
850.004807,1817.000000
850.647522,1818.000000
851.288940,1819.000000
851.929184,1820.000000
852.568237,1821.000000
853.206131,1822.000000
853.842834,1823.000000
854.478394,1824.000000
855.112854,1825.000000
855.746231,1826.000000
856.378464,1827.000000
857.009644,1828.000000
857.639801,1829.000000
858.268890,1830.000000
858.896973,1831.000000
859.524048,1832.000000
860.150116,1833.000000
860.775208,1834.000000
861.399338,1835.000000
862.022522,1836.000000
862.644730,1837.000000
863.266006,1838.000000
863.886429,1839.000000
864.505875,1840.000000
865.124435,1841.000000
865.742065,1842.000000
866.358780,1843.000000
866.974640,1844.000000
867.589615,1845.000000
868.203644,1846.000000
868.816788,1847.000000
869.428955,1848.000000
870.040268,1849.000000
870.650681,1850.000000
871.260132,1851.000000
871.868683,1852.000000
872.476257,1853.000000
873.082855,1854.000000
873.688522,1855.000000
874.293182,1856.000000
874.896805,1857.000000
875.499420,1858.000000
876.100967,1859.000000
876.701492,1860.000000
877.300903,1861.000000
877.899200,1862.000000
878.496368,1863.000000
879.092422,1864.000000
879.687302,1865.000000
880.281021,1866.000000
880.873505,1867.000000
881.464767,1868.000000
882.054840,1869.000000
882.643631,1870.000000
883.231171,1871.000000
883.817490,1872.000000
884.402512,1873.000000
884.986252,1874.000000
885.568695,1875.000000
886.149872,1876.000000
886.729767,1877.000000
887.308411,1878.000000
887.885803,1879.000000
888.461914,1880.000000
889.036804,1881.000000
889.610504,1882.000000
890.183014,1883.000000
890.754364,1884.000000
891.324585,1885.000000
891.893646,1886.000000
892.461639,1887.000000
893.028625,1888.000000
893.594574,1889.000000
894.159637,1890.000000
894.723724,1891.000000
895.286926,1892.000000
895.849365,1893.000000
896.410950,1894.000000
896.971832,1895.000000
897.532135,1896.000000
898.091736,1897.000000
898.650818,1898.000000
899.209381,1899.000000
899.767365,1900.000000
900.325012,1901.000000
900.882294,1902.000000
901.439209,1903.000000
901.995850,1904.000000
902.552246,1905.000000
903.108490,1906.000000
903.664551,1907.000000
904.220520,1908.000000
904.776428,1909.000000
905.332245,1910.000000
905.888092,1911.000000
906.443970,1912.000000
906.999908,1913.000000
907.555878,1914.000000
908.111938,1915.000000
908.668091,1916.000000
909.224304,1917.000000
909.780670,1918.000000
910.337097,1919.000000
910.893646,1920.000000
911.450378,1921.000000
912.007202,1922.000000
912.564148,1923.000000
913.121246,1924.000000
913.678406,1925.000000
914.235596,1926.000000
914.792877,1927.000000
915.350098,1928.000000
915.907440,1929.000000
916.464752,1930.000000
917.022003,1931.000000
917.579224,1932.000000
918.136322,1933.000000
918.693329,1934.000000
919.250153,1935.000000
919.806732,1936.000000
920.363068,1937.000000
920.919159,1938.000000
921.474945,1939.000000
922.030426,1940.000000
922.585541,1941.000000
923.140198,1942.000000
923.694305,1943.000000
924.247925,1944.000000
924.800964,1945.000000
925.353363,1946.000000
925.905212,1947.000000
926.456360,1948.000000
927.006775,1949.000000
927.556335,1950.000000
928.104950,1951.000000
928.652771,1952.000000
929.199615,1953.000000
929.745514,1954.000000
930.290375,1955.000000
930.834076,1956.000000
931.376648,1957.000000
931.917999,1958.000000
932.458099,1959.000000
932.996918,1960.000000
933.534363,1961.000000
934.070465,1962.000000
934.605042,1963.000000
935.138153,1964.000000
935.669708,1965.000000
936.199707,1966.000000
936.728149,1967.000000
937.254822,1968.000000
937.779755,1969.000000
938.302979,1970.000000
938.824341,1971.000000
939.343842,1972.000000
939.861542,1973.000000
940.377350,1974.000000
940.891174,1975.000000
941.403107,1976.000000
941.913055,1977.000000
942.421021,1978.000000
942.926880,1979.000000
943.430817,1980.000000
943.932587,1981.000000
944.432281,1982.000000
944.929962,1983.000000
945.425598,1984.000000
945.919098,1985.000000
946.410461,1986.000000
946.899689,1987.000000
947.386871,1988.000000
947.871948,1989.000000
948.354828,1990.000000
948.835632,1991.000000
949.314331,1992.000000
949.790955,1993.000000
950.265533,1994.000000
950.737946,1995.000000
951.208313,1996.000000
951.676636,1997.000000
952.142853,1998.000000
952.606995,1999.000000
953.069153,2000.000000
953.529205,2001.000000
953.987274,2002.000000
954.443176,2003.000000
954.897064,2004.000000
955.348907,2005.000000
955.798737,2006.000000
956.246521,2007.000000
956.692230,2008.000000
957.135773,2009.000000
957.577362,2010.000000
958.016815,2011.000000
958.454102,2012.000000
958.889435,2013.000000
959.322601,2014.000000
959.753632,2015.000000
960.182526,2016.000000
960.609192,2017.000000
961.033661,2018.000000
961.455994,2019.000000
961.875977,2020.000000
962.293854,2021.000000
962.709473,2022.000000
963.122772,2023.000000
963.533630,2024.000000
963.942230,2025.000000
964.348419,2026.000000
964.752258,2027.000000
965.153625,2028.000000
965.552612,2029.000000
965.949158,2030.000000
966.343109,2031.000000
966.734558,2032.000000
967.123474,2033.000000
967.509796,2034.000000
967.893463,2035.000000
968.274597,2036.000000
968.653107,2037.000000
969.028870,2038.000000
969.401947,2039.000000
969.772278,2040.000000
970.139893,2041.000000
970.504822,2042.000000
970.866943,2043.000000
971.226227,2044.000000
971.582764,2045.000000
971.936371,2046.000000
972.287231,2047.000000
972.635162,2048.000000
972.980286,2049.000000
973.322540,2050.000000
973.661865,2051.000000
973.998260,2052.000000
974.331696,2053.000000
974.662170,2054.000000
974.989746,2055.000000
975.314392,2056.000000
975.636078,2057.000000
975.954773,2058.000000
976.270538,2059.000000
976.583282,2060.000000
976.893127,2061.000000
977.199951,2062.000000
977.503693,2063.000000
977.804565,2064.000000
978.102448,2065.000000
978.397217,2066.000000
978.689087,2067.000000
978.977936,2068.000000
979.263824,2069.000000
979.546692,2070.000000
979.826599,2071.000000
980.103516,2072.000000
980.377502,2073.000000
980.648499,2074.000000
980.916504,2075.000000
981.181610,2076.000000
981.443726,2077.000000
981.702911,2078.000000
981.959198,2079.000000
982.212616,2080.000000
982.463074,2081.000000
982.710602,2082.000000
982.955292,2083.000000
983.197144,2084.000000
983.436066,2085.000000
983.672302,2086.000000
983.905670,2087.000000
984.136230,2088.000000
984.363922,2089.000000
984.588776,2090.000000
984.810974,2091.000000
985.030365,2092.000000
985.247101,2093.000000
985.461060,2094.000000
985.672272,2095.000000
985.880859,2096.000000
986.086700,2097.000000
986.289886,2098.000000
986.490448,2099.000000
986.688354,2100.000000
986.883606,2101.000000
987.076172,2102.000000
987.266174,2103.000000
987.453613,2104.000000
987.638367,2105.000000
987.820587,2106.000000
988.000153,2107.000000
988.177124,2108.000000
988.351562,2109.000000
988.523376,2110.000000
988.692627,2111.000000
988.859344,2112.000000
989.023499,2113.000000
989.185059,2114.000000
989.344025,2115.000000
989.500397,2116.000000
989.654205,2117.000000
989.805450,2118.000000
989.954071,2119.000000
990.100098,2120.000000
990.243530,2121.000000
990.384399,2122.000000
990.522736,2123.000000
990.658295,2124.000000
990.791290,2125.000000
990.921692,2126.000000
991.049530,2127.000000
991.174713,2128.000000
991.297211,2129.000000
991.417023,2130.000000
991.534302,2131.000000
991.648895,2132.000000
991.760773,2133.000000
991.870056,2134.000000
991.976624,2135.000000
992.080505,2136.000000
992.181763,2137.000000
992.280334,2138.000000
992.376251,2139.000000
992.469391,2140.000000
992.559906,2141.000000
992.647675,2142.000000
992.732819,2143.000000
992.815277,2144.000000
992.894958,2145.000000
992.971985,2146.000000
993.046326,2147.000000
993.117920,2148.000000
993.186829,2149.000000
993.253082,2150.000000
993.316498,2151.000000
993.377289,2152.000000
993.435303,2153.000000
993.490631,2154.000000
993.543243,2155.000000
993.593262,2156.000000
993.640472,2157.000000
993.684967,2158.000000
993.726776,2159.000000
993.765900,2160.000000
993.802307,2161.000000
993.836060,2162.000000
993.867096,2163.000000
993.895355,2164.000000
993.920929,2165.000000
993.943848,2166.000000
993.964020,2167.000000
993.981476,2168.000000
993.996307,2169.000000
994.008453,2170.000000
994.017883,2171.000000
994.024536,2172.000000
994.028503,2173.000000
994.029846,2174.000000
994.028442,2175.000000
994.024445,2176.000000
994.017761,2177.000000
994.008392,2178.000000
993.996368,2179.000000
993.981598,2180.000000
993.964172,2181.000000
993.944122,2182.000000
993.921356,2183.000000
993.895996,2184.000000
993.868011,2185.000000
993.837250,2186.000000
993.803833,2187.000000
993.767822,2188.000000
993.729218,2189.000000
993.687958,2190.000000
993.644104,2191.000000
993.597565,2192.000000
993.548401,2193.000000
993.496613,2194.000000
993.442200,2195.000000
993.385193,2196.000000
993.325592,2197.000000
993.263336,2198.000000
993.198364,2199.000000
993.130890,2200.000000
993.060852,2201.000000
992.988159,2202.000000
992.912903,2203.000000
992.834991,2204.000000
992.754425,2205.000000
992.671326,2206.000000
992.585693,2207.000000
992.497375,2208.000000
992.406433,2209.000000
992.312927,2210.000000
992.216888,2211.000000
992.118164,2212.000000
992.016907,2213.000000
991.913055,2214.000000
991.806580,2215.000000
991.697479,2216.000000
991.585846,2217.000000
991.471588,2218.000000
991.354736,2219.000000
991.235352,2220.000000
991.113342,2221.000000
990.988708,2222.000000
990.861420,2223.000000
990.731598,2224.000000
990.599274,2225.000000
990.464325,2226.000000
990.326782,2227.000000
990.186676,2228.000000
990.043976,2229.000000
989.898621,2230.000000
989.750702,2231.000000
989.600281,2232.000000
989.447205,2233.000000
989.291595,2234.000000
989.133362,2235.000000
988.972595,2236.000000
988.809265,2237.000000
988.643402,2238.000000
988.474945,2239.000000
988.303925,2240.000000
988.130371,2241.000000
987.954254,2242.000000
987.775604,2243.000000
987.594452,2244.000000
987.410797,2245.000000
987.224670,2246.000000
987.036011,2247.000000
986.844879,2248.000000
986.651306,2249.000000
986.455292,2250.000000
986.256836,2251.000000
986.055908,2252.000000
985.852600,2253.000000
985.646851,2254.000000
985.438812,2255.000000
985.228302,2256.000000
985.015472,2257.000000
984.800323,2258.000000
984.583069,2259.000000
984.363495,2260.000000
984.141663,2261.000000
983.917633,2262.000000
983.691437,2263.000000
983.463104,2264.000000
983.232697,2265.000000
983.000244,2266.000000
982.765778,2267.000000
982.529327,2268.000000
982.290924,2269.000000
982.050598,2270.000000
981.808502,2271.000000
981.564545,2272.000000
981.318909,2273.000000
981.071472,2274.000000
980.822449,2275.000000
980.571716,2276.000000
980.319550,2277.000000
980.065765,2278.000000
979.810577,2279.000000
979.553986,2280.000000
979.295959,2281.000000
979.036621,2282.000000
978.776093,2283.000000
978.514313,2284.000000
978.251434,2285.000000
977.987396,2286.000000
977.722290,2287.000000
977.456177,2288.000000
977.189117,2289.000000
976.921143,2290.000000
976.652252,2291.000000
976.382599,2292.000000
976.112061,2293.000000
975.840790,2294.000000
975.568787,2295.000000
975.296051,2296.000000
975.022675,2297.000000
974.748657,2298.000000
974.473999,2299.000000
974.198822,2300.000000
973.923004,2301.000000
973.646667,2302.000000
973.369751,2303.000000
973.092316,2304.000000
972.814362,2305.000000
972.535980,2306.000000
972.257019,2307.000000
971.977570,2308.000000
971.697662,2309.000000
971.417328,2310.000000
971.136505,2311.000000
970.855133,2312.000000
970.573273,2313.000000
970.290863,2314.000000
970.008057,2315.000000
969.724731,2316.000000
969.440948,2317.000000
969.156555,2318.000000
968.871674,2319.000000
968.586212,2320.000000
968.300171,2321.000000
968.013611,2322.000000
967.726440,2323.000000
967.438721,2324.000000
967.150360,2325.000000
966.861359,2326.000000
966.571747,2327.000000
966.281464,2328.000000
965.990601,2329.000000
965.698975,2330.000000
965.406677,2331.000000
965.113647,2332.000000
964.819824,2333.000000
964.525360,2334.000000
964.230164,2335.000000
963.934204,2336.000000
963.637390,2337.000000
963.339722,2338.000000
963.041351,2339.000000
962.742157,2340.000000
962.442078,2341.000000
962.141205,2342.000000
961.839417,2343.000000
961.536774,2344.000000
961.233246,2345.000000
960.928894,2346.000000
960.623718,2347.000000
960.317535,2348.000000
960.010498,2349.000000
959.702484,2350.000000
959.393768,2351.000000
959.084076,2352.000000
958.773529,2353.000000
958.462097,2354.000000
958.149780,2355.000000
957.836578,2356.000000
957.522552,2357.000000
957.207733,2358.000000
956.891998,2359.000000
956.575500,2360.000000
956.258331,2361.000000
955.940460,2362.000000
955.621765,2363.000000
955.302399,2364.000000
954.982391,2365.000000
954.661682,2366.000000
954.340393,2367.000000
954.018646,2368.000000
953.696320,2369.000000
953.373535,2370.000000
953.050262,2371.000000
952.726562,2372.000000
952.402557,2373.000000
952.078369,2374.000000
951.753754,2375.000000
951.429016,2376.000000
951.104004,2377.000000
950.778839,2378.000000
950.453735,2379.000000
950.128601,2380.000000
949.803375,2381.000000
949.478210,2382.000000
949.153137,2383.000000
948.828217,2384.000000
948.536427,2385.000000
948.245777,2386.000000
947.956265,2387.000000
947.667891,2388.000000
947.380654,2389.000000
947.094552,2390.000000
946.809586,2391.000000
946.525753,2392.000000
946.243053,2393.000000
945.961486,2394.000000
945.681049,2395.000000
945.401742,2396.000000
945.123564,2397.000000
944.846515,2398.000000
944.570592,2399.000000
944.295796,2400.000000
944.022125,2401.000000
943.749579,2402.000000
943.478155,2403.000000
943.207855,2404.000000
942.938675,2405.000000
942.670617,2406.000000
942.403677,2407.000000
942.137857,2408.000000
941.873154,2409.000000
941.609567,2410.000000
941.347097,2411.000000
941.085741,2412.000000
940.825499,2413.000000
940.566370,2414.000000
940.308353,2415.000000
940.051447,2416.000000
939.795650,2417.000000
939.540963,2418.000000
939.287384,2419.000000
939.034912,2420.000000
938.783547,2421.000000
938.533286,2422.000000
938.284130,2423.000000
938.036077,2424.000000
937.789127,2425.000000
937.543278,2426.000000
937.298529,2427.000000
937.054880,2428.000000
936.812330,2429.000000
936.570877,2430.000000
936.330520,2431.000000
936.091260,2432.000000
935.853094,2433.000000
935.616022,2434.000000
935.380043,2435.000000
935.145156,2436.000000
934.911359,2437.000000
934.678653,2438.000000
934.447035,2439.000000
934.216506,2440.000000
933.987064,2441.000000
933.758708,2442.000000
933.531437,2443.000000
933.305250,2444.000000
933.080147,2445.000000
932.856126,2446.000000
932.633186,2447.000000
932.411327,2448.000000
932.190548,2449.000000
931.970846,2450.000000
931.752223,2451.000000
931.534676,2452.000000
931.318205,2453.000000
931.102808,2454.000000
930.888485,2455.000000
930.675235,2456.000000
930.463057,2457.000000
930.251950,2458.000000
930.041912,2459.000000
929.832944,2460.000000
929.625043,2461.000000
929.418210,2462.000000
929.212443,2463.000000
929.007741,2464.000000
928.804103,2465.000000
928.601528,2466.000000
928.400016,2467.000000
928.199565,2468.000000
928.000175,2469.000000
927.801844,2470.000000
927.604571,2471.000000
927.408356,2472.000000
927.213197,2473.000000
927.019094,2474.000000
926.826046,2475.000000
926.634052,2476.000000
926.443110,2477.000000
926.253220,2478.000000
926.064381,2479.000000
925.876592,2480.000000
925.689851,2481.000000
925.504159,2482.000000
925.319514,2483.000000
925.135915,2484.000000
924.953361,2485.000000
924.771851,2486.000000
924.591384,2487.000000
924.411960,2488.000000
924.233577,2489.000000
924.056234,2490.000000
923.879931,2491.000000
923.704666,2492.000000
923.530439,2493.000000
923.357248,2494.000000
923.185093,2495.000000
923.013972,2496.000000
922.843885,2497.000000
922.674831,2498.000000
922.506808,2499.000000
922.339817,2500.000000
922.173855,2501.000000
922.008922,2502.000000
921.845017,2503.000000
921.682139,2504.000000
921.520287,2505.000000
921.359460,2506.000000
921.199658,2507.000000
921.040878,2508.000000
920.883121,2509.000000
920.726385,2510.000000
920.570669,2511.000000
920.415973,2512.000000
920.262295,2513.000000
920.109635,2514.000000
919.957991,2515.000000
919.807362,2516.000000
919.657748,2517.000000
919.509148,2518.000000
919.361561,2519.000000
919.214985,2520.000000
919.069420,2521.000000
918.924865,2522.000000
918.781318,2523.000000
918.638780,2524.000000
918.497249,2525.000000
918.356723,2526.000000
918.217203,2527.000000
918.078686,2528.000000
917.941173,2529.000000
917.804662,2530.000000
917.669153,2531.000000
917.534643,2532.000000
917.401133,2533.000000
917.268621,2534.000000
917.137107,2535.000000
917.006589,2536.000000
916.877067,2537.000000
916.748539,2538.000000
916.621005,2539.000000
916.494463,2540.000000
916.368913,2541.000000
916.244354,2542.000000
916.120785,2543.000000
915.998204,2544.000000
915.876611,2545.000000
915.756006,2546.000000
915.636386,2547.000000
915.517751,2548.000000
915.400100,2549.000000
915.283433,2550.000000
915.167747,2551.000000
915.053043,2552.000000
914.939319,2553.000000
914.826574,2554.000000
914.714808,2555.000000
914.604019,2556.000000
914.494206,2557.000000
914.385369,2558.000000
914.277506,2559.000000
914.170617,2560.000000
914.064701,2561.000000
913.959756,2562.000000
913.855782,2563.000000
913.752778,2564.000000
913.650742,2565.000000
913.549674,2566.000000
913.449573,2567.000000
913.350439,2568.000000
913.252269,2569.000000
913.155063,2570.000000
913.058820,2571.000000
912.963539,2572.000000
912.869219,2573.000000
912.775860,2574.000000
912.683460,2575.000000
912.592018,2576.000000
912.501533,2577.000000
912.412005,2578.000000
912.323433,2579.000000
912.235814,2580.000000
912.149150,2581.000000
912.063438,2582.000000
911.978677,2583.000000
911.894867,2584.000000
911.812007,2585.000000
911.730096,2586.000000
911.649132,2587.000000
911.569115,2588.000000
911.490044,2589.000000
911.411919,2590.000000
911.334737,2591.000000
911.258498,2592.000000
911.183201,2593.000000
911.108845,2594.000000
911.035430,2595.000000
910.962953,2596.000000
910.891415,2597.000000
910.820814,2598.000000
910.751150,2599.000000
910.682421,2600.000000
910.614626,2601.000000
910.547765,2602.000000
910.481836,2603.000000
910.416839,2604.000000
910.352773,2605.000000
910.289636,2606.000000
910.227428,2607.000000
910.166148,2608.000000
910.105795,2609.000000
910.046367,2610.000000
909.987864,2611.000000
909.930285,2612.000000
909.873630,2613.000000
909.817896,2614.000000
909.763083,2615.000000
909.709191,2616.000000
909.656217,2617.000000
909.604162,2618.000000
909.553024,2619.000000
909.502803,2620.000000
909.453497,2621.000000
909.405105,2622.000000
909.357626,2623.000000
909.311061,2624.000000
909.265406,2625.000000
909.220662,2626.000000
909.176828,2627.000000
909.133903,2628.000000
909.091885,2629.000000
909.050774,2630.000000
909.010569,2631.000000
908.971269,2632.000000
908.932872,2633.000000
908.895379,2634.000000
908.858788,2635.000000
908.823097,2636.000000
908.788307,2637.000000
908.754416,2638.000000
908.721423,2639.000000
908.689327,2640.000000
908.658127,2641.000000
908.627823,2642.000000
908.598414,2643.000000
908.569897,2644.000000
908.542273,2645.000000
908.515541,2646.000000
908.489699,2647.000000
908.464747,2648.000000
908.440683,2649.000000
908.417507,2650.000000
908.395218,2651.000000
908.373814,2652.000000
908.353296,2653.000000
908.333661,2654.000000
908.314909,2655.000000
908.297039,2656.000000
908.280050,2657.000000
908.263941,2658.000000
908.248711,2659.000000
908.234360,2660.000000
908.220885,2661.000000
908.208287,2662.000000
908.196564,2663.000000
908.185716,2664.000000
908.175740,2665.000000
908.166638,2666.000000
908.158406,2667.000000
908.151045,2668.000000
908.144554,2669.000000
908.138931,2670.000000
908.134176,2671.000000
908.130288,2672.000000
908.127266,2673.000000
908.125108,2674.000000
908.123814,2675.000000
908.123383,2676.000000
